<?xml version="1.0" encoding="UTF-8"?>
<items>
    <item>
        <id>1</id>
        <title>Диетолог назвала три напитка, разрушающих кости</title>
        <picture>src/image/pip.webp</picture>
        <author>РИА Новости. Спорт</author>
        <value> Врач-диетолог, доктор медицинских наук Маргарита Королева назвала напитки, которые могут спровоцировать проблемы с костями.</value>
    </item>
    <item>
        <id>2</id>
        <title>Кардиолог назвала самый полезный продукт в мире</title>
        <picture>src/image/02.webp</picture>
        <author>РИА Новости. Спорт</author>
        <value>Турецкий кардиолог и терапевт Джанан Каратай считает ревень самым полезным продуктом в мире, поскольку он помогает контролировать уровень сахара и давления, а также защищает от болезни Альцгеймера, сообщают "ИноСМИ" со ссылкой на Türkiye.
Специалист утверждает, что ревень также оказывает положительное влияние на печень, щитовидную железу и мозг.</value>
    </item>
    <item>
        <id>3</id>
        <title>Ученые рассказали о невероятной пользе незаслуженно забытого овоща</title>
        <picture>src/image/03.webp</picture>
        <author>РИА Новости. Спорт</author>
        <value>Брокколи способствует быстрому восстановлению после COVID-19 и предотвращает развитие онкологических заболеваний, в своем Telegram-канале сообщила врач Зухра Павлова со ссылкой на исследование.
Этот вид капусты содержит сульфорафан, который защищает организм от распространения раковых клеток и замедляет процесс старения. Кроме того, это вещество оказывает противовирусное действие, в том числе и в случае с коронавирусом.</value>
    </item>
    <item>
        <id>4</id>
        <title>Что будет, если постоянно есть болгарский перец</title>
        <picture>src/image/04.webp</picture>
        <author>РИА Новости. Спорт</author>
        <value>Болгарский перец обладает массой полезных свойств, сообщают "ИноСМИ" со ссылкой на Yahoo News Japan.
Отмечается, что сладкий зеленый перец содержит хлорофилл, который обладает антиоксидантными свойствами а также укрепляет иммунитет. Он препятствует закупориванию сосудов, тем самым снижая уровень холестерина, и обладает очищающими свойствами.
Также в перце есть пиразин, который способствует разжижению крови и, как следствие, профилактике тромбов, заболеваний сердечно-сосудистой системы и мозга. Преимущественно пиразин присутствует в семенах, которые богаты калием.</value>
        </item>
    <item>
        <id>5</id>
        <title>"Спартак" выпустил видео с бездомным в главной роли</title>
        <picture>src/image/05.webp</picture>
        <author>РИА Новости. Спорт</author>
        <value>Московский "Спартак" накануне матча 29-го тура чемпионата России по футболу с "Зенитом" в соцсетях опубликовал ролик с бездомным в главной роли.
Видеоролик оформлен под песню группы "Король и Шут" "Проклятый старый дом". В нем главного героя окружают вещи, отсылающие к различным злободневным моментам чемпионата. В частности, показан телевизор с надписью VAR, банки с символикой клубов "Зенит", "Сочи", "Оренбург", Fan ID, изображение крота (отсылка к фразе Заремы Салиховой, назвавшей кротами судей). Главный герой ролика пьет из бутылки с надписью "бюджеты".</value>
        </item>
    <item>
        <id>6</id>
        <title>Россиянам посоветовали нестандартные способы отказа от кофе</title>
        <picture>src/image/06.webp</picture>
        <author>РИА Новости. Спорт</author>
        <value>Диетолог Анна Мелехина рассказала РИА Новости о полезных альтернативах кофе.
По ее словам, бодрость после употребления кофе — это привычка, выработанная временем, на это не всегда влияет кофеин. Проснуться утром отлично помогает физическая активность, поэтому первой альтернативой чашке кофе может стать утренняя зарядка.</value>
        </item>
    <item>
        <id>7</id>
        <title>Диетолог объяснила, какой чай помогает снизить сахар в крови</title>
        <picture>src/image/07.webp</picture>
        <author>РИА Новости. Спорт</author>
        <value>Диетолог Пакизе Гизем Акгюль рассказала, что зеленый чай помогает укрепить иммунитет, регулировать давление и сахар в крови, защититься от рака и предотвратить ожирение. Комментарии диетолога приводят ИноСМИ со ссылкой на турецкий Sabah.
Специалист отметила, что несмотря на приготовление черного и зеленого чая из одного растения, продукты различаются технологией обработки. В частности, зеленый чай богат полифенолами, витаминами В1 и В2, а также содержит в 10 раз больше витамина С. Более того, в зеленом чае больше теанина, который отвечает за снятие стресса.</value>
        </item>
    <item>
        <id>8</id>
        <title>Ученые рассказали о пользе редиса в борьбе с раком</title>
        <picture>src/image/08.webp</picture>
        <author>РИА Новости. Спорт</author>
        <value>Ученые выяснили, что ежедневное употребление редиса помогает в борьбе с раком, улучшает работу печени и сердца, сообщают "ИноСМИ" со ссылкой на En Son Haber.
Чаще всего мы используем редис как ингредиент для салата и других блюд. Корнеплод богат витаминами, поэтому очень полезен в качестве дополнения к вашему рациону. И есть на это пять причин.</value>
        </item>
    <item>
        <id>9</id>
        <title>Как правильно бегать: техника, правила и рекомендации от тренера</title>
        <picture>src/image/09.webp</picture>
        <author>РИА Новости. Спорт</author>
        <value>Способность к бегу дана каждому человеку от рождения. Но личные комплексы, которые могли появиться в детстве, и убеждение, что утренняя пробежка — непосильная и тяжелая задача, сбивают с пути оздоровления.
Избавиться от таких убеждений поможет понимание преимуществ регулярных пробежек. Кроме улучшения самочувствия и повышения работоспособности, вы научитесь чувствовать собственное тело, прислушиваться к своему организму. Самое главное, бег — доступный вид спорта, но при неправильной технике он может навредить. Поэтому изучение правил, о которых далее пойдет речь, необходимы.</value>
        </item>
    <item>
        <id>10</id>
        <title>Излучение мобильных телефонов приводит именно к этой болезни мозга</title>
        <picture>src/image/10.webp</picture>
        <author>РИА Новости. Спорт</author>
        <value> Ученые выявили связь между излучением мобильных телефонов и болезнью Альцгеймера, сообщают "ИноСМИ" со ссылкой на Natural News.
В исследовании, опубликованном в журнале Current Alzheimer Research, говорится, что постоянное использование мобильников и Wi-Fi-роутеров приводит к повышению кальция в мозге и, следовательно, увеличивает риск развития болезни Альцгеймера.</value>
        </item>
    <item>
        <id>11</id>
        <title>Эндокринолог рассказала, какая болезнь сопровождается онемением конечностей</title>
        <picture>src/image/11.webp</picture>
        <author>РИА Новости. Спорт</author>
        <value>Эндокринолог Наталья Балашова заявила "Вечерней Москве", что низкая чувствительность конечностей может сигнализировать о сахарном диабете.
Диабет возникает из-за нарушения энергетического обмена. Причиной тому — повышенный уровень сахара в крови. При диабете появляются вялость, слабость, могут быть онемение и непреодолимая жажда.</value>
        </item>
    <item>
        <id>12</id>
        <title>Миллион — не деньги? Российская биатлонистка пожаловалась на призовые</title>
        <picture>src/image/12.webp</picture>
        <author>РИА Новости. Спорт</author>
        <value>Российские спортсмены традиционно собирают призы после успешного выступления на Олимпиадах. В целом наша сборная по биатлону добилась отличного результата на Играх в Пекине, взяв четыре награды. Поэтому в команде справедливо ждали достойного вознаграждения за свои труды. Однако спустя два месяца после завершения Олимпиады обладательница двух медалей Пекина Ульяна Нигматуллина заявила, что недовольна суммой призовых, которые она получила от своего региона.
В Удмуртии, которую представляет биатлонистка, ей заплатили меньше одного миллиона рублей. По ее словам. Имеет ли право Ульяна жаловаться на такое вознаграждение? Давайте посмотрим. К примеру, Кристина Резцова, которая может похвастать абсолютно такими же результатами в Пекине-2022, получила от губернатора Ханты-Мансийского автономного округа Натальи Комаровой два сертификата – на 10 и 7 миллионов рублей. За серебро и бронзу в классической и смешанной эстафетах соответственно.</value>
        </item>
    <item>
        <id>13</id>
        <title>Стали известны составы групп сборной России по биатлону на новый сезон</title>
        <picture>src/image/13.webp</picture>
        <author>РИА Новости. Спорт</author>
        <value>Союз биатлонистов России (СБР) на своем официальном сайте объявил состав групп сборной команды страны для централизованной подготовки в сезоне-2022/23.
В группу старшего тренера мужской команды Юрия Каминского вошли Эдуард Латыпов, Евгений Емерхонов, Роман Еремин, Александр Корнев, Ильназ Мухамедзянов, Михаил Первушин. В группе Сергея Башкирова к новому сезону будут готовиться Александр Логинов, Антон Бабиков, Кирилл Бажин, Михаил Бурундуков, Вячеслав Малеев, Александр Поварницын, Василий Томшин и Максим Цветков.</value>
        </item>
    <item>
        <id>14</id>
        <title>Профессиональный футболист в Англии впервые совершил каминг-аут</title>
        <picture>src/image/14.webp</picture>
        <author>РИА Новости. Спорт</author>
        <value>В 2021 году единственным в мире действующим игроком, совершившим каминг-аут, был футболист австралийского клуба "Аделаида Юнайтед" Джош Кавалло. До этого игроки, в том числе немец Томас Хитцльспергер и англичанин Томас Битти, признавались в нетрадиционной сексуальной ориентации после завершения карьеры.
Активистка Амаль Фашану в 2020 году сообщала, что ее фонд по борьбе с гомофобией и расизмом в футболе проводит консультации с пятью футбольными звездами - геями, в том числе двумя из Английской премьер-лиги.</value>
        </item>
    <item>
        <id>15</id>
        <title>СМИ: форвард "Торонто" Марнер стал жертвой вооруженного угона</title>
        <picture>src/image/15.webp</picture>
        <author>РИА Новости. Спорт</author>
        <value>Нападающий клуба Национальной хоккейной лиги (НХЛ) "Торонто Мэйпл Лифс" Митчелл Марнер стал жертвой вооруженного угона, сообщает Toronto Sun.
По информации источника, инцидент произошел в понедельник в Торонто у одного из кинотеатров в районе Этобико. К Марнеру, который находился за рулем Range Rover, и его другу подошли трое грабителей. У двоих из них были пистолеты, еще у одного - нож. Угрожая оружием, неизвестные заставили хоккеиста и пассажира выйти из машины, после чего они скрылись с места преступления на транспортном средстве спортсмена.</value>
        </item>
</items>